Keyword,Search Volume,Competition,CPC
best podcast mic,5400,0.3,1.25
usb mic for streaming,1900,0.2,0.85
wireless microphone,4500,0.4,1.15
studio microphone,3200,0.35,1.45
microphone for recording,2800,0.25,0.95
cheap microphone,1600,0.15,0.65
professional microphone,2100,0.45,1.75
gaming microphone,3800,0.3,1.05
bluetooth microphone,2200,0.2,0.75
condenser microphone,1800,0.4,1.55
dynamic microphone,1400,0.35,1.35
lavalier microphone,900,0.25,0.85
shotgun microphone,1100,0.4,1.65
microphone stand,2600,0.2,0.45
microphone windscreen,800,0.15,0.35
office chair ergonomic,8900,0.5,2.25
standing desk,12400,0.45,1.85
ergonomic keyboard,3400,0.3,1.15
computer monitor,15600,0.6,2.75
desk lamp,4200,0.25,0.95
office furniture,9800,0.55,2.45
home office setup,6700,0.4,1.65
remote work equipment,3900,0.35,1.45
productivity tools,5200,0.4,1.75
workspace organization,2800,0.3,1.25
cable management,1900,0.2,0.85
laptop stand,3100,0.25,1.05
webcam for streaming,4500,0.35,1.35
ring light,3600,0.3,1.15
green screen,1800,0.25,0.95
content creation tools,2400,0.4,1.55
video editing software,6800,0.5,2.15
screen recording,3200,0.35,1.25
live streaming setup,2900,0.4,1.65
youtube equipment,4100,0.45,1.85
podcast equipment,3700,0.4,1.75
audio interface,2100,0.35,1.45
headphones for streaming,2800,0.3,1.05
streaming software,3500,0.4,1.35
obs studio,1600,0.25,0.75
twitch streaming,5200,0.5,1.95
youtube creator,4800,0.45,1.75
content creator gear,2200,0.35,1.25
marketing software,8900,0.6,3.25
email marketing,11200,0.55,2.85
social media management,7400,0.5,2.45
crm software,9600,0.65,3.75
project management tools,6800,0.45,2.15
analytics tools,5200,0.4,1.95
seo tools,4900,0.5,2.35
keyword research,3600,0.45,1.85
competitor analysis,2800,0.4,1.65
content marketing,6200,0.5,2.25
digital marketing,9800,0.6,2.95
online advertising,7600,0.55,2.65
ppc management,3400,0.5,2.45
conversion optimization,2900,0.45,2.15
landing page builder,3800,0.4,1.95
email automation,4200,0.45,2.05
lead generation,5600,0.5,2.35
customer acquisition,4400,0.45,2.25
sales funnel,3900,0.4,1.85
marketing automation,5800,0.55,2.75
business intelligence,4600,0.5,2.55
data visualization,3200,0.4,1.75
reporting software,2800,0.35,1.55
dashboard tools,2400,0.3,1.35
workflow automation,3600,0.4,1.95
productivity software,4800,0.45,2.15
team collaboration,5200,0.4,1.85
video conferencing,6800,0.5,2.25
remote team tools,3400,0.35,1.65
file sharing,4200,0.3,1.45
cloud storage,8900,0.6,2.85
backup software,3600,0.4,1.75
cybersecurity tools,5400,0.55,2.95
password manager,3800,0.35,1.55
vpn software,7200,0.5,2.45
antivirus software,6400,0.45,2.15
firewall protection,2800,0.4,1.85
data encryption,2200,0.45,2.25
secure messaging,3100,0.35,1.65
privacy tools,2600,0.3,1.35
online safety,4200,0.4,1.75
digital privacy,3400,0.35,1.55
internet security,5800,0.5,2.35
